gallery_id,gallery_name,location,gallery_contact_no
1,Modern Art Hub,Mumbai,9812345678
2,Gallery 51,Delhi,9823456789
3,The Art Connoisseur,Bangalore,9834567890
4,Heritage Art Space,Chennai,9845678901
5,Cosmopolitan Art Gallery,Kolkata,9856789012
6,Studio 28,Hyderabad,9867890123
7,Golden Brush Gallery,Pune,9878901234
8,Urban Art District,Mumbai,9889012345
9,Masterpiece Art House,Delhi,9890123456
10,The Gallery of Colors,Bangalore,9813456723
11,Emerging Artists Space,Chennai,9811234567
12,Visual Voyage Art Gallery,Kolkata,9822345678
13,Art Beat Studio,Hyderabad,9833456789
14,Cityscape Gallery,Pune,9844567890
15,White Canvas Art House,Mumbai,9855678901
16,Gallery 360,Delhi,9866789012
17,Blue Horizon Gallery,Bangalore,9877890123
18,Serenity Studio,Chennai,9888901234
19,Palette Art House,Kolkata,9899012345
20,Artisan Loft,Hyderabad,9810123456
21,Strokes of Genius,Pune,9823456791
22,Metropolitan Art House,Mumbai,9834567888
23,Curated Art Gallery,Delhi,9845678977
24,Canvas Creations,Bangalore,9856789066
25,The Abstract Space,Chennai,9867890155
26,Cultural Heritage Gallery,Kolkata,9878900244
27,Art Agora,Hyderabad,9889012333
28,Inspire Art Gallery,Pune,9890123422
29,The Fusion Gallery,Mumbai,9810123499
30,Frame of Mind Art Studio,Delhi,9813456780
31,The Expressionist,Kolkata,9812567890
32,Urban Palette,Hyderabad,9823678901
33,Epicenter Art Studio,Pune,9834789012
34,Heritage Craft Gallery,Mumbai,9845890123
35,Artist Colony,Delhi,9856901234
36,Art Mosaic Studio,Bangalore,9867012345
37,Visual Spectrum,Kolkata,9878123456
38,Studio Aesthete,Chennai,9889234567
39,Color Wheel Gallery,Pune,9890345678
40,Pixel Art Space,Mumbai,9811456789
41,The Art Metropolis,Delhi,9822567890
42,Eclectic Art Gallery,Bangalore,9833678901
43,Reflection Gallery,Hyderabad,9844789012
44,Art Central,Pune,9855890123
45,The Avant-Garde Studio,Chennai,9866901234
46,Neo-Classic Gallery,Kolkata,9877012345
47,The Renaissance Art House,Mumbai,9888123456
48,Spectrum Studio,Delhi,9899234567
49,Chroma Collective,Bangalore,9810678901
50,Heritage Frames Gallery,Hyderabad,9812347890
51,Visual Symphony,Pune,9823456780
52,Timeless Art Gallery,Mumbai,9834567892
53,The Artisan’s Haven,Delhi,9845678903
54,Contemporary Visions,Bangalore,9856789014
55,The Modernist Space,Chennai,9867890125
56,Vista Art Studio,Kolkata,9878901236
57,Art Nouveau Gallery,Hyderabad,9889012347
58,The Minimalist’s Gallery,Pune,9890123458
59,Monochrome Studio,Mumbai,9810123467
60,Shades of Art,Delhi,9821234568
61,Grand Heritage Gallery,Bangalore,9832345679
62,Synergy Art Space,Kolkata,9843456780
63,Golden Frame Art Gallery,Hyderabad,9854567891
64,Art Vault,Pune,9865678902
65,The Cultural Palette,Mumbai,9876789013
66,Gallery Artefact,Delhi,9887890124
67,Timeless Traditions,Bangalore,9898901235
68,Gallery Opus,Chennai,9810012345
69,Studio Pristine,Kolkata,9823456789
70,Cubist Creations,Mumbai,9834567890
71,Artisans Collective,Delhi,9845678901
72,Vivid Spectrum Gallery,Bangalore,9856789012
73,Inspire Studio,Kolkata,9867890123
74,Frame Loft,Hyderabad,9878901234
75,Studio Palette,Pune,9889012345
76,Art Curio,Mumbai,9890123456
77,The Creative Corner,Delhi,9813456789
78,Vista Art Space,Chennai,9822345678
79,Studio Confluence,Bangalore,9831234567
80,Art Village,Kolkata,9846789012
81,Gallery Mosaic,Hyderabad,9857890123
82,Urban Legend Art House,Pune,9868901234
83,Timeless Legacy,Mumbai,9879012345
84,Culture Vault,Delhi,9880123456
85,The Imprint Studio,Bangalore,9814567890
86,Expression Art Studio,Kolkata,9825678901
87,Gallery Flux,Hyderabad,9836789012
88,The Horizon Studio,Pune,9847890123
89,Chromatic Gallery,Mumbai,9858901234
90,Synesthesia Art House,Delhi,9869012345
91,The Framed Space,Chennai,9870123456
92,Reflections Art Studio,Bangalore,9881234567
93,The Urban Space,Kolkata,9892345678
94,Heritage Atelier,Hyderabad,9813451234
95,The Sculptor’s Gallery,Pune,9824567890
96,Canvas Dreams,Mumbai,9835678901
97,City Lights Gallery,Delhi,9846789012
98,The Art Sphere,Bangalore,9857890123
99,Palette Fusion,Kolkata,9868901234
100,Gallery Horizon,Hyderabad,9879012345
